<?xml version = "1.0"?>
   <animals>
           <image>
          <path></path>
          <name></name>
          <Category> </Category>
          <rating></rating>
          <description></description>
        </image>
          
          <image1>
          <path>images/ANIMALS/ani1.jpg</path>
          <name>Name - Crazy Cat</name>
          <Category> Category - Animals</Category>
          <rating>Rating Part-- stars to indicate rating</rating>
          <description>Description - This is an image</description>
        </image1>
        
         <image2>
          <path>images/ANIMALS/ani2.jpg</path>
            <name>Name - Silly Dog</name>
          <Category> Category - Animals</Category>
          <rating>Rating Part-- stars to indicate rating</rating>
          <description>Description - This is an image</description>
        </image2>
        
         <image3>
          <path>images/ANIMALS/ani3.jpg</path>
          <name>Name - Business Dog</name>
          <Category> Category - Animals</Category>
          <rating>Rating Part-- stars to indicate rating</rating>
          <description>Description - This is an image</description>
        </image3>
        
         <image4>
          <path>images/ANIMALS/ani4.jpg</path>
           <name>Name - Clean Dog</name>
          <Category> Category - Animals</Category>
          <rating>Rating Part-- stars to indicate rating</rating>
          <description>Description - This is an image</description>
        </image4>
        
         <image5>
          <path>images/ANIMALS/ani5.jpg</path>
          <name>Name - Flying Cat</name>
          <Category> Category - Animals</Category>
          <rating>Rating Part-- stars to indicate rating</rating>
          <description>Description - This is an image</description>
        </image5>
        
         <image6>
          <path>images/ANIMALS/ani6.jpg</path>
          <name>Name - Bear</name>
          <Category> Category - Animals</Category>
          <rating>Rating Part-- stars to indicate rating</rating>
          <description>Description - This is an image</description>
        </image6>
        
         <image7>
          <path>images/ANIMALS/ani7.jpg</path>
          <name>Name - Mean Cat</name>
          <Category> Category - Animals</Category>
          <rating>Rating Part-- stars to indicate rating</rating>
          <description>Description - This is an image</description>
        </image7>
        
         <image8>
          <path>images/ANIMALS/ani8.jpg</path>
          <name>Name - Hungry Cat</name>
          <Category> Category - Animals</Category>
          <rating>Rating Part-- stars to indicate rating</rating>
          <description>Description - This is an image</description>
        </image8>
        
         <image9>
          <path>images/ANIMALS/ani9.jpg</path>
         <name>Name - Lunch Time</name>
          <Category> Category - Animals</Category>
          <rating>Rating Part-- stars to indicate rating</rating>
          <description>Description - This is an image</description>
        </image9>
    </animals>
      
      
     