<?xml version="1.0"?>
<animals>          
          <image>
          <path>images/animals/ani1.jpg</path>
          <name>Name - Crazy Cat</name>
          <Category> Category - Animals</Category>
          <rating>Rating Part-- stars to indicate rating</rating>
          <description>Description - This is an image</description>
        </image>
        
         <image>
          <path>images/animals/ani2.jpg</path>
            <name>Name - Silly Dog</name>
          <Category> Category - Animals</Category>
          <rating>Rating Part-- stars to indicate rating</rating>
          <description>Description - This is an image</description>
        </image>
        
         <image>
          <path>images/animals/ani3.jpg</path>
          <name>Name - Business Dog</name>
          <Category> Category - Animals</Category>
          <rating>Rating Part-- stars to indicate rating</rating>
          <description>Description - This is an image</description>
        </image>
        
         <image>
          <path>images/animals/ani4.jpg</path>
           <name>Name - Clean Dog</name>
          <Category> Category - Animals</Category>
          <rating>Rating Part-- stars to indicate rating</rating>
          <description>Description - This is an image</description>
        </image>
        
         <image>
          <path>images/animals/ani5.jpg</path>
          <name>Name - Flying Cat</name>
          <Category> Category - Animals</Category>
          <rating>Rating Part-- stars to indicate rating</rating>
          <description>Description - This is an image</description>
        </image>
        
         <image>
          <path>images/animals/ani6.jpg</path>
          <name>Name - Bear</name>
          <Category> Category - Animals</Category>
          <rating>Rating Part-- stars to indicate rating</rating>
          <description>Description - This is an image</description>
        </image>
        
         <image>
          <path>images/animals/ani7.jpg</path>
          <name>Name - Mean Cat</name>
          <Category> Category - Animals</Category>
          <rating>Rating Part-- stars to indicate rating</rating>
          <description>Description - This is an image</description>
        </image>
        
         <image>
          <path>images/animals/ani8.jpg</path>
          <name>Name - Hungry Cat</name>
          <Category> Category - Animals</Category>
          <rating>Rating Part-- stars to indicate rating</rating>
          <description>Description - This is an image</description>
        </image>
        
         <image>
          <path>images/animals/ani9.jpg</path>
         <name>Name - Lunch Time</name>
          <Category> Category - Animals</Category>
          <rating>Rating Part-- stars to indicate rating</rating>
          <description>Description - This is an image</description>
        </image>




</animals>
