<?xml version = "1.0"?>
 
   <sport>
     <image1>
         <path>/images/SPORT/spo1.jpg</path>
         <name>Funny Pictures</name>
         <category>SPORT</category>
         <rating>Rating Part-- stars to indicate rating</rating>
         <description>This is an image</description>
        </image1>
    <image2>
         <path>/images/SPORT/spo2.jpg</path>
         <name>Funny Pictures</name>
         <category>SPORT</category>
         <rating>Rating Part-- stars to indicate rating</rating>
         <description>This is an image</description>
        </image2>
        
        <image3>
         <path>/images/SPORT/spo3.jpg</path>
         <name>Funny Pictures</name>
         <category>SPORT</category>
         <rating>Rating Part-- stars to indicate rating</rating>
         <description>This is an image</description>
        </image3>
   
        <image4>
         <path>/images/SPORT/spo4.jpg</path>
         <name>Funny Pictures</name>
         <category>SPORT</category>
         <rating>Rating Part-- stars to indicate rating</rating>
         <description>This is an image</description>
        </image4>
   
       <image5>
         <path>/images/SPORT/spo5.jpg</path>
         <name>Funny Pictures</name>
         <category>SPORT</category>
         <rating>Rating Part-- stars to indicate rating</rating>
         <description>This is an image</description>
        </image5>
       <image6>
         <path>/images/SPORT/spo6.jpg</path>
         <name>Funny Pictures</name>
         <category>SPORT</category>
         <rating>Rating Part-- stars to indicate rating</rating>
         <description>This is an image</description>
        </image6>
   
       <image7>
         <path>/images/SPORT/spo7.jpg</path>
         <name>Funny Pictures</name>
         <category>SPORT</category>
         <rating>Rating Part-- stars to indicate rating</rating>
         <description>This is an image</description>
        </image7>
   
       <image8>
         <path>/images/SPORT/spo8.jpg</path>
         <name>Funny Pictures</name>
         <category>SPORT</category>
         <rating>Rating Part-- stars to indicate rating</rating>
         <description>This is an image</description>
        </image8>
   
       <image9>
         <path>/images/SPORT/spo9.jpg</path>
         <name>Funny Pictures</name>
         <category>SPORT</category>
         <rating>Rating Part-- stars to indicate rating</rating>
         <description>This is an image</description>
        </image9>        
      </sport>
